 ,PRESTADOR,PRODUCTO,DETALLES,DURACIÓN ,COSTO,VALOR PROMOCIONAL (Efectivo o transferencia),VALOR OFICIAL (hasta 3 cuotas sin interes),Flyer,OBSERVACIONES,PLANTILLA KOMMO
PANORÁMICOS / BODEGAS,MAYAS,Alta Montaña ,"Potrerillos, Uspallata, Centro de Ski Penitentes, Puente del Inca, Mirador del Aconcagua (no ingresan al parque) y Las Cuevas, último poblado antes del túnel internacional.
Incluye: Traslado grupal con guía.
No incluye: Comidas, paran en un restaurante tipo buffet para almorzar. 
•Salidas: todos los días desde el centro.
•Horario: 7 hs a 18:30 hs Aprox.",FULL DAY,"$57,000","$82,000","$95,000",si,"Valor Oficial (Hasta 3 cuotas sin interés 💳 ): $86.000 por persona

Valores Promo  👇🏼
*Condición: Sólo con transferencia o efectivo (Excepto seña para reservar) 

PROMO 1️⃣ LUNES, MIERCOLES, VIERNES Y DOMINGOS - Días ganga! 🎉 | 💰Valor: $72.000 p/p

PROMO 2️⃣ MARTES, JUEVES Y SABADOS 10% OFF  | 💰Valor: $77.400 p/p",
,,Cañón del Atuel ,"No incluye: Comidas ni actividades de aventura.
Opción de Actividades: Rafting - Puentes Tibetanos - Canopy - Catamarán.        •Días de salida: jueves y domingos 
•Horario: de 7:00 a 21 hs aprox.

",FULL DAY,"$65,400","$97,000","$109,000",,,
,,Villavicencio ,"Paraje cordillerano donde la belleza del lugar, las vertientes de agua natural, los famosos caracoles, la flora y fauna, dan lugar a espectaculares vistas desde los miradores. No Incluye entrada a la Reserva Natural, ésta se abona allí u online.
Incluye: Guia y traslado grupal.
Salidas: Miércoles y Sábados
Horario: De 8 a 13:30 hs aprox. 
",MEDIO DIA,"$33,000","$50,000","$55,000",,"No hay tiempo para actividades de aventura. Sólo Panorámico
Tickets de ingreso al Hotel NO INCLUIDO    https://www.entradaweb.com.ar/evento/3bb3af3d/step/1",
,,"Bodegas ""Caminos del Vino""","Visita y degustación en 2 o 3 bodegas boutique y una fábrica de aceites de oliva.
No incluye comidas.
Incluye: Guia y traslado grupal.
Salidas: Lunes a Sábado
Horario: De 14 a 20hs aprox.",MEDIO DIA,"$31,800","$48,000","$53,000",,Ofrecer como última opción o para armar combo de varios días de actividades ,
,ORO NEGRO,City Tour,"Área Fundacional, Ruinas de San Francisco, plazas históricas, Centro Cívico, Cerro de la Gloria, Parque San Martín y fábrica de chococlate con degu. Duración: 2:30h. Salidas: Lunes a Sabádos. Horarios: 10.30hs /15h. Punto de Encuento: Sarmiento y Chile, frente al Hyatt",MEDIO DIA,"$22,500","$34,000","$40,000",,"Seleccionar circuito 2
No drop on/drop off      //   VIGENTE HASTA 30/09",
,MARTUR,Villavicencio 4x4,"Traslado grupal con guía bilingüe.
30% desc. en actividades en el parque (tirolesas, juegos aéreos y zipline extreme)
Almuerzo: combo de montaña con bebida (hamburguesas o nuggets)
No incluye: Entrada a la Reserva Natural.
•Salidas: Miércoles, Viernes y Sábados
•Horario: 08:00 a 18:00hs. Aprox.",FULL DAY,"$76,000","$109,000","$126,000",si,"
Julio a Diciembre: $95.000
Comisión 20% - Ofrecer como primera opción  https://www.entradaweb.com.ar/evento/3bb3af3d/step/1",
TERMAS DE CACHEUTA,TERMAS,Full Day Spa con Traslado,"No incluye: bebidas y batas
Incluye: Traslado Grupal + Uso de Terma Spa de 10 a 18 hs + Almuerzo Buffet Criollo (sin bebidas) y Toalla.
",FULL DAY,"$136,850","$175,000","$200,000",si,Comisión 15% - Solicitar Rva por llada telefónica y reconfirmar el código dado por mail. COBRAR EL TOTAL AL MOMENTO DE TOMAR LA RESERVA,
,,Full Day Spa sin Traslado,"No incluye: bebidas y batas
Incluye: Uso de Terma Spa de 10 a 18 hs + Almuerzo Buffet Criollo (sin bebidas) y Toalla.",FULL DAY,"$117,000","$150,000","$174,000",si,Comisión 10% - Solicitar Rva por llada telefónica y reconfirmar el código dado por mail. COBRAR EL TOTAL AL MOMENTO DE TOMAR LA RESERVA ,
,,Tarde de Termas Spa + Picada,"No incluye: TRASLADOS, masajes, batas, aqua relax
Incluye: Uso de Terma Spa de 15 a 18 hs + Picada con cerveza artesanal y Toalla.",MEDIO DIA,"$81,000","$105,000","$121,400",,"Comisión 10% - Solicitar Rva por llada telefónica y reconfirmar el código dado por mail. COBRAR EL TOTAL AL MOMENTO DE TOMAR LA RESERVA. 
Cotizar TRASLADO PRIVADO",
,,Parque de Agua,Incluye: Traslado y acceso al parque ,FULL DAY,"$39,100","$63,000","$73,000",,"Comisión 15% con traslado - Solicitar Rva por llada telefónica y reconfirmar el código dado por mail. COBRAR EL TOTAL AL MOMENTO DE TOMAR LA RESERVA  //  TRASLADO al Parque de Agua.
PUNTO DE ENCUENTRO: Escudo en Plaza Independencia (calles Sarmiento y Chile).
HORARIOS: En época de frío (desde el 01/05 al 20/09) estar a las 9:15am para salir a las 9:30 am, regreso a las 5:30pm desde Cacheuta. En época cálidas (desde el 21/09 al 30/04) estar a las 8:45am para salir a las 9:00 am, regreso es a las 6:00 pm desde Cacheuta. Siempre salimos desde el Parque de Agua.
Traslado: sólo pueden subir niños mayores a 2 años.",
CABALGATAS,Celeste Sanita,Cabalgata con almuerzo o cena,"""Incluye: Traslados + 2 hs de Cabalgata + Almuerzo con empanadas, agua y vino. // Disponible: Lun, Mie, Vie y Sab de 08:30 a 13:30hs """,MEDIO DIA,"$100,000","$140,000","$165,000",si,"Búsqueda por hoteles céntricos - SE REALIZA EN RANCHO EL QUIRQUINCHO, Luján de Cuyo. Incluye: Asado criollo, empanadas, ensaladas, vino y agua",
,KAHUAK,Cabalgata Criolla,"Incluye: Traslados + 2 hs de Cabalgata + Almuerzo liviano con empanadas, agua y vino. // Disponible: Lun, Mie, Vie y Sab de 08:30 a 13:30hs ",MEDIO DIA,75 USD,"Valor promocional: Chequear valor del dólar oficial ""venta"" de Banco Nación, sumar $30.000 por pax  //  Valor con tarjeta: Colocar el valor promocional en la calculadora de cuotas",,TARIFARIO: https://docs.google.com/spreadsheets/d/1XXNF14d4XAk_vkfVUnVEYBSqfN4e0oyE/edit?usp=sharing&ouid=100467720750430210214&rtpof=true&sd=true,"VIGENTES HASTA ABRIL 2027 (TARIFAS USD VENTA OFICIAL DE BANCO NACION) -  SE REALIZAN EN UN PUESTO DE LUNLUNTA, MAIPÚ  // Pick up y drop off sólo por hoteles céntricos. Los puntos de pick up fuera de la ciudad son los siguientes:

* Quick Point de Araoz  * YPF Manita
* Complejo Álamo  * H Esplendor
* H Casino Cóndor  * H Ibis
* H Hator   * H Club Tapiz",
,,Cabalgata Atardecer,Incluye: Traslados + 2 hs de Cabalgata + cena de asado completo con bebidas. // Disponible todos los días ,MEDIO DIA,95 USD,,,Ofrecer sólo cuando no tenga dispo Sanita,,
,JAL CABALGATAS,Full Day Valle de Uco,"Incluye: Traslados de las ciudad + Cabalgata a orillas del Arroyo ""Pircas"" (4 hs) + Asado completo con bebidas y postre + Fotos y videos ",FULL DAY,-,-,-,si,"SE REALIZAN EN LA CORDILLERA DE TUNUYAN, MANZANO HISTÓRICO // Cupo mínimo: 2 pax ",
AVENTURA ,XNOCCIO,Combo Termas - Cacheuta,"Incluye: Rafting en cacheuta + Tirolesa + Termas + Traslado.
",FULL DAY,"$80,000","$115,000","$130,000",,SOLICITAR RVAS POR EL GRUPO CON XNOCCIO  //   INCLUYE TRASLADOS A PARTIR DE LAS 08:30HS ,
,,"Combo Termas 
Potrerillos","inclueye: Rafting en potrerillos + Tirolesa + Termas + Traslado.
",FULL DAY,"$112,000","$145,000","$165,000",,,
,RIO AVENTURA (RIOS ANDINOS),Full Day Aventura con 3 actividades ,Incluye: Rafting 12 km + Canopy Andino 3 tramos (700m) + Rappel + Traslado grupal desde el alojamiento ,FULL DAY,"$117,925","$153,000","$170,000",si,Tarifa Enero. Incluye traslado grupal,
,,Rafting Potrerillos (SI O SI DIA COMPLETO),"Recorrido: 06 km · Duración: 1.30 h aprox. Nav: 45 min
Dificultad: II+ / III. A partir de 8 años (consultar)",FULL DAY,"$68,500","$89,000","$99,000",si,,
,ARGENTINA RAFTING,Rafting Full Day,"Recorrido: 30 km · Navegacion: 3 hs 30"" aprox. Dificultad: III ·        A partir de 12 años",FULL DAY,-,-,-,si,"INCLUYE TRASLADO GRUPAL X PERSONA ($50.000)  //  TARIFAS VIGENTES HASTA 30 de SEPTIEMBRE  //  Traslado Mendoza- Potrerillos- Mendoza
• TRF desde Mendoza: entre las 9:00 hs y las 09:30 hs
• Regreso a Mendoza para los pasajeros que tienen una sola actividad desde 15.30hs. y 2 actividades desde las 17.30hs.  // OBSERVACIÓN IMPORTANTE: El valor de ""Costo"" es sólo de las actividades no incluye traslado, el cual SI está INCLUIDO en el PRECIO DE VENTA",
,,Rafting Invierno ,"Recorrido: 8 km · Duración: 2 h aprox. Nav: 1 h
Dificultad: II+ / III. A partir de 8 años (consultar)",MEDIO DIA,"$107,600","$135,000","$156,000",,,
,,Trekking con Rappel,"Ubicación: Garganta del Diablo
Duración: 2 1⁄2 h aprox.
Dificultad: Moderada",MEDIO DIA,"$107,600","$135,000","$156,000",,,
,,"Trekking ""Garganta""","Ubicación: Garganta del Diablo, Potrerillos
Duración: 2 h aprox.
Dificultad: Moderada",MEDIO DIA,"$101,200","$126,000","$146,000",,,
,,"Trekking ""C. Bayo""","Ubicación: Cerro Bayo, Potrerillos · Duración: 2.30 hs aprox.
Dificultad: Int/ Difícil",MEDIO DIA,"$114,000","$142,000","$165,000",,,
,,Kayak Travesía,"Dique Potrerillos · Duración:1 1⁄2 h aprox. Dificultad: Moderada
A partir de 7 años (consultar)",MEDIO DIA,"$107,600","$135,000","$156,000",,,
WINE TOURS,VEMPRA,Wine Tour Grupal Vempra Maipú,Incluye: Visitas y degustación premium maridadas con alfajores en Bodega Sin Fin + Visita y Almuerzo con vino libre + degustación aceites de oliva en Bodega Atilio Avena.  Brindis final en bodega De 9:00 a 17:30 hs aprox (Min 2 pax),FULL DAY,"$132,500","$160,000","$185,000",si,"🍷 WINE TOUR VEMPRA | Recorrido por la cuna del vino. 
💰Valor por persona: $185.000 p/p
*Válido para pagos con tarjetas hasta en 3 cuotas sin interés, transferencia o efectivo (salvo seña para reservar)
*Valor abonando con efectivo o transferencia: $166.500

-PROMO DÍAS ESPECIALES 🎉
📅 Salidas: MARTES, JUEVES Y SABADOS 
💰Valor por persona: $160.000 p/p (Base doble)
⚠️Aplicable para los días indicados, abonando con transferencia o efectivo (Excepto seña para reservar) 
",
,,Wine Tour Grupal Vempra Luján de Cuyo (Alta Gama),Incluye: Visita en carrito de golf y degustación de 4 copas en Finca Bandini + Visita y almuerzo de 4 pasos en Bodega Lamadrid  (Min 2 pax),FULL DAY,"$168,100","$215,000","$247,000",,Grupo de hasta 12 pax  // Días de salida: Lunes y Viernes,
,,Wine Tour Clásico Luján de Cuyo (Económico),Incluye: Visita y degustación con tabla de quesos y dulces en bodega Bonfanti + Visita y almuerzo de 3 pasos maridados en bodega Dante Robino. (Min 2 pax),FULL DAY,"$142,500","$179,000","$205,500",,Grupo de hasta 12 pax  // Días de salida: Lunes y Viernes,
NIEVE,AMERICAN SKI,LAS LEÑAS,"Incluye: Traslado + Equipo de ropa de nieve (Enterito+Botas+Guantes) o Equipo de Ski Básico (NO SNOW)
Salida: Todos los días con Punto de Encuentro (Sucursal American Ski de calle Las Heras)
Horarios: de 2 a 22:30hs aprox
 ",FULL DAY,"$74,000","$99,000","$113,000",,"❄️ Las Leñas
Ideal para quienes buscan adrenalina, variedad de pistas y paisajes únicos. Tiene snowpark, trineos, sectores para principiantes y descenso de 7 km.

 📍 Punto de encuentro: Av. Las Heras 529 (AMERICAN SKI), Ciudad de Mendoza

❌ No incluye: Pase a medios de elevación, Comidas, Clases de esquí, Trineos.

",
,,PUQUIOS ,"Incluye: Traslado + Equipo de ropa de nieve (Enterito+Botas+Guantes) o Equipo de Ski Básico (NO SNOW)
Salida: Todos los días con Punto de Encuentro (Sucursal American Ski de calle Las Heras)
Horarios: de 7 a 20:30hs aprox
 ",FULL DAY,"$54,000","$79,000","$91,000",,"❄️ Los Puquios – Diversión familiar y segura
El parque ideal para principiantes, niños y familias. Tiene pista de trineo, medios de elevación suaves y un entorno cuidado y accesible.

📍 Punto de encuentro: Av. Las Heras 529 (AMERICAN SKI), Ciudad de Mendoza

❌ No incluye: Pase a medios de elevación, Comidas, Clases de esquí, Trineos.

",
,,PENITENTES,,FULL DAY,"$54,000","$79,000","$91,000",,"❄️ Penitentes – Nieve accesible para todos
Una opción simple para disfrutar del paisaje nevado y jugar con trineos. Este año abrirá con servicios básicos para pasar el día y hacer actividades recreativas como trineo o culipatin, ya que no cuenta con medios de elevación.

📍 Punto de encuentro: Av. Las Heras 529 (AMERICAN SKI), Ciudad de Mendoza

❌ No incluye: Comidas, tickets de ingreso, ni Trineos.

",
,"IMPORTANTE: 
Al momento de alquilar los equipo, los chicos les solicitarán una tarjeta de crédito en garantía (Solo datos del frente). Es importante que el pax sepa esto antes de llegar al rental.
El Equipo de Snowboard NO ESTÁ INCLUIDO EN EL PAQUETE
En caso de no querer el Enterito térmico y optar por pantalón y campera, deben abonar una diferencia de $15.000 (netos) por persona
En caso de querer un equipo mejor de Ski (Sport) la diferencia a abonar es de $20.000 (netos) por pasajero
SOBRE LOS “ACCESORIOS” DEL TARIFARIO (antiparras, trineos, casco, etc) TENEMOS 20% DE COMISIÓN
",,,,,,,,,
,,,,,,,,,,
,,,,,,,,,,
,,,,,,,,,,
,CATA ,LAS LEÑAS,"TRASLADO DIRECTO MZA-LAS LEÑAS-MZA DESDE LA TERMINAL DE BUSES
Mendoza - Las Leñas
Salida: 2 am / Llegada: 8.30hs
Las Leñas - Mendoza 
Salida: 17:30hs  / Llegada: 00 hs ",FULL DAY,"$60,600","$86,000",CUOTAS NO,VALORES POR TRAMO (multiplicar valores x2 si es ida y vuelta),"Disponibles a partir del 01/07
No comisionables a menos que sea un grupo de + 10 personas (10% off) 
Se reserva por la pagina de Cata
https://shop.catainternacional.com/trips/oneway/type/1/f/710/t/637/d/2026-07-03/iR/1/c/2026-07-04/l/es/p/1",
,MILLANTI,EXCURSION LAS LEÑAS,"Incluye: Traslado + Guia + Búsqueda por hoteles céntricos y próximos a ruta 144.
NO INCLUYE: EQUIPOS DE NIEVE (20% OFF en rental determinado), ni ACCESO A PARQUE AVENTURA en Las Leñas
Salida: 8:30hs / Llegada a las Leñas: 12hs / Inicio de Regreso: 16hs 
Menores: De 0-2 años: Sin costo // De 3-7 años: 50% del valor oficial   
",FULL DAY,"$92,000","$115,000","$132,000",,,